restaurantName,restaurantAddress,restaurantPostalCode,phoneNumber
Sociable Kitchen & Tavern,"45 King George Road Brantford, ON N3R 5K2 Canada",N3R5K2,+1 519-751-4042
Fume RestoBar,"150 Morrell Street Brantford, ON N3T 4K2 Canada",N3T4K2,+1 548-880-3863
Zander's Fire Grill and Brew Lounge,"190 King George Road Brantford, ON N3R 6S8 Canada",N3R6S8,+1 519-304-7625
Mercasa Little Italy Eatery,"195 Henry Street Brantford, ON N3S 5C9 Canada",N3S5C9,+1 226-227-5821
Pavol & Ibeth's Deli,"18 Elgin St Brantford, ON N3R 1E6 Canada",N3R1E6,+1 519-755-1583
Gran Sasso Restaurant,"98 Paris Road Brantford, ON N3R 1H9 Canada",N3R1H9,+1 519-752-1500
Al Dente Pasta Pizza Grill,"250 King George Road Brantford, ON N3R 5L5 Canada",N3R5L5,+1 519-753-4303
Camp 31 Bar-B-Q,"22 Paris Road Paris, ON N3L 3H8 Canada",N3L3H8,+1 519-442-3560
Everest Grill,"781 Colbourne Street Brantford, ON N3S 3S3 Canada",N3S3S3,+1 519-750-8444
Wingmaster,"70 Erie Avenue Brantford, ON N3S 2E8 Canada",N3S2E8,+1 519-750-1440
Pho Viet Nam 999,"205 King George Rd Brantford, ON N3R 6S8 Canada",N3R6S8,+1 519-751-7999
Goo's Take-Out & Catering,"230 Shellards Ln Unit C6 Brantford, ON N3T 5L5",N3T5L5,+1 519-752-1111
Blue Dog Coffee Roasters,"199 Brant Ave Brantford, ON N3T 3J1 Canada",N3T3J1,+1 519-512-0022
On The Lam,"106 Queen Street Brantford, ON N3T 3B9 Canada",N3T3B9,+1 519-756-5177
Speekezzies Cafe & Wine Bar,"415 Fairview Drive Brantford, ON N3R 7M3 Canada",N3R7M3,+1 519-757-0621
Kingswood Restaurant,"43 Colborne Street W Brantford, ON N3T 1K6 Canada",N3T1K6,+1 519-751-0128
Blessing Eatery,"185 King George Road Brantford, ON N3R 7R9 Canada",N3R7R9,+1 519-304-6662
The Olde School Restaurant,"687 Powerline Rd Brantford, ON N3V 0A4 Canada",N3V0A4,+1 519-753-3131
Burrito Brothers,"38 Dalhousie Street Brantford, ON N3T 3C2 Canada",N3T3C2,+1 519-304-7228
Chuck's Roadhouse Bar and Grill,"245-265 King George Road Brantford, ON N3R 5L5 Canada",N3R5L5,+1 519-304-1237
Taal Fine Indian Cuisine,"578 Colborne Street Brantford, ON N3S 3P6 Canada",N3S3P6,+1 519-752-3788
Joy Sushi Bar,"195 Henry Street Brantford, ON N3S 5C9 Canada",N3S5C9,+1 519-756-8988
Admiral Submarine,"55 Dalhousie St Brantford, ON N3T 2J1 Canada",N3T2J1,+1 519-753-9761
The Works Gourmet Burger Bistro,"80 Dalhousie Street Brantford, ON N3T 2L2 Canada",N3T2L2,+1 519-304-6789
Sunnyside Grill,"39 King George Road Unit 106 Brantford, ON N3R 5K2",N3R5K2,+1 519-304-5693
Angel's Diner,"125 King George Rd Brantford, ON N3R 5K7 Canada",N3R5K7,+1 519-757-1777
Devlin's Country Bistro & Catering,"704 Mount Pleasant Road RR 1 Mount Pleasant, ON N0E 1K0 Canada",N0E1K0,+1 519-484-2258
Symposium Cafe Restaurant & Lounge,"58 King George Rd Brantford, ON N3R 5K4 Canada",N3R5K4,+1 519-756-2023
Nine North Viet-Thai Cuisine,"86 Dalhousie Street Brantford, ON N3T 2J2 Canada",N3T2J2,+1 519-304-7090
The Keg Steakhouse + Bar,"61 Lynden Rd Brantford, ON N3R 7J9 Canada",N3R7J9,+1 519-757-0024
Viet Thai Basil Restaurant,"67 Brant Avenue Suite D-63 Brantford, ON N3T 3G7",N3T3G7,+1 519-304-7333
Crabby Joe's,"456 Fairview Drive Brantford, ON N3R 7A9 Canada",N3R7A9,+1 519-758-0100
Lonnie's,"42 Market Street Brantford, ON N3T 2Z5 Canada",N3T2Z5,+1 519-752-0011
Sunset Grill,"50 Market St S Brantford, ON N3S 2E3 Canada",N3S2E3,+1 519-751-3381
My-Thai Restaurant,"393 Saint Paul Ave Brantford, ON N3R 4N6 Canada",N3R4N6,+1 519-751-8374
Montana's,"84 Lynden Rd Brantford, ON N3R 6B8 Canada",N3R6B8,+1 519-754-0303
Cafe Andreou,"104 West Street Brantford, ON N3T 3E7 Canada",N3T3E7,+1 519-752-9111
San Frano's Carry Out,"95 Charing Cross Street Brantford, ON N3R 2H7 Canada",N3R2H7,+1 519-759-3270
La Cantinella Ristorante Italiano,"16 Main St S Brant, ON N0E 1N0 Canada",N0E1N0,+1 519-448-3993
Popeyes Louisiana Kitchen,"50 Market Street S Brantford, ON N3T 2H3 Canada",N3T2H3,+1 519-753-5232
ZaZa's Pizzeria,"155 Lynden Road Unit 1 Brantford, ON N3T 5L8",N3T5L8,+1 519-751-2777
St George Arms,"24 Main Street St. George, ON N0E 1N0 Canada",N0E1N0,+1 519-448-4151
China King Restaurant,"1320 Colborne Street E Brantford, ON N3T 5L4 Canada",N3T5L4,+1 519-752-6389
Cafe Troy,"2290 Highway 5 W Troy, ON L0R 2B0 Canada",L0R2B0,+1 519-647-2117
Shoeless Joe’s Sports Grill,"300 King George Road Brantford, ON N3R 5M1 Canada",N3R5M1,+1 519-304-3445
Red Lobster,"67 King George Road ACROSS FROM GIANT TIGER PLAZA Brantford, ON N3R 5K2",N3R5K2,+1 519-759-7121
Strodes,"403 Fairview Drive Brantford, ON N3R 2X8 Canada",N3R2X8,+1 519-752-3151
Tin Cup Sports Grill,"61 Lynden Road Brantford, ON N3R 7J9 Canada",N3R7J9,+1 519-757-1441
Shawarmania,"156 Market Street Brantford, ON N3T 3A4 Canada",N3T3A4,+1 519-861-1515
The Dragon Sports Bar,"14 Main Street S St George, ON N0E 1N0 Canada",N0E1N0,+1 519-414-8800
Joey's Seafood Restaurants,"15 - 410 Fairview Drive Brantford, ON N3R 7V7 Canada",N3R7V7,+1 519-750-0333
Stacked Pancake & Breakfast House,"265 King George Road Brantford, ON N3R 6Y1 Canada",N3R6Y1,+1 519-759-3575
Sai Thai Kitchen,"250 King George Road Brantford, ON N3R 5L5 Canada",N3R5L5,+1 519-758-0752
Bistro Greeco Italiano,"360 Conklin Road E1 Brantford, ON N3T 0E1 Canada",N3T0E1,+1 519-751-0777
Banh Mi Viet Nam,"8 King Street Brantford, ON N3T 3C3 Canada",N3T3C3,+1 519-754-1819
West Garden,"560 West Street Brantford, ON N3R 6M7 Canada",N3R6M7,+1 519-753-3990
Eggsmart,"156 Dundas St E Paris, ON N3L 3H7 Canada",N3L3H7,+1 519-442-3111
Big Box Pizza,"360 Conklin Road Unit E6 Brantford, ON N3T 0N5",N3T0N5,+1 519-770-0000
Pizza Hut,"269 Clarence Street Unit 2 Brantford, ON N3R 3T6",N3R3T6,+1 519-754-4800
Waffles and Crêpes Café,"60 Colborne Street Brantford, ON N3T 2G5 Canada",N3T2G5,+1 519-304-9304
Fast Eddie's,"55 Edmondson Street Brantford, ON N3R 7J2 Canada",N3R7J2,+1 519-756-0051
The Exchange Cafe,"94 Tutela Heights Road Brantford, ON N3T 1A4 Canada",N3T1A4,+1 519-756-6220
Maria's Pizza,"242 Colborne St W Brantford, ON N3T 1L9 Canada",N3T1L9,+1 519-753-2500
The Chip Wagon,"275 King George Road Brantford, ON N3R 5L5 Canada",N3R5L5,
East Side Mario's - Brantford,"300 King George Road Brantford, ON N3R 5L8 Canada",N3R5L8,+1 519-751-1720
Myra's Bar & Grill,"19 Holiday Drive Brantford, ON N3R 7J4 Canada",N3R7J4,+1 519-753-6002
Williams Fresh Cafe,"615 West Street Brantford, ON N3R 7C5 Canada",N3R7C5,+1 519-750-5778
The Lighthouse Fish and Chips,"750 Colborne Street Brantford, ON N3S 3S1 Canada",N3S3S1,+1 519-770-3474
Stan's Fries,"44-70 Darling Street Brantford, ON N3T 2K6 Canada",N3T2K6,
Canton Chinese Food,"170 Brantwood Park Road Brantford, ON N3P 1N7 Canada",N3P1N7,+1 519-759-0099
Jumbo Dragon Chinese Restaurant,"50 Market Street S Unit F5 Brantford, ON N3S 2X5",N3S2X5,+1 519-752-9988
Gigi's Pizza,"68 Colborne Street W Brantford, ON N3T 1K5 Canada",N3T1K5,+1 519-759-2331
Yong Great Wall Buffet,"82 King George Road Brantford, ON N3R 5K4 Canada",N3R5K4,+1 519-753-0124
Johnny Be Good Diner,"440 Paris Road Brantford, ON N3T 5L8 Canada",N3T5L8,+1 519-756-5903
Echo Place Family Restaurant,"781 Colborne Street Brantford, ON N3S 3S3 Canada",N3S3S3,+1 519-750-8444
Pita Pit,"218 Henry Street Brantford, ON N3S 7R5 Canada",N3S7R5,+1 519-751-7482
Stromboli's & Brick Oven Pizza,"117 King George Road Brantford, ON N3R 5K7 Canada",N3R5K7,+1 519-756-1400
Kings Machi Buffet,"175 Lynden Road Brantford, ON N3R 8A7 Canada",N3R8A7,+1 519-753-0600
Kelseys Original Roadhouse,"84 Lynden Rd Brantford, ON N3R 6B8 Canada",N3R6B8,+1 519-720-9061
Archies Place,"216 Erie Avenue Brantford, ON N3S 2G9 Canada",N3S2G9,+1 519-757-0223
Dolch'Eh Bistro,"190 King George Road Unit 5 Brantford, ON N3R 6S8",N3R6S8,+1 519-304-8867
Sky Way Cafe,"110 Aviation Avenue Brantford, ON N3T 5L7 Canada",N3T5L7,+1 519-759-7779
Kings Buffet,"175 Lyndon Road Brantford, ON N3R 8A7 Canada",N3R8A7,+1 519-753-0600
wimpy's Diner,"163-171 King George Road Brantford, ON N3R 7R9 Canada",N3R7R9,
New York Fries,"11 Sinclair Blvd Brantford, ON N3S 7X6 Canada",N3S7X6,
Stop 53,"1365 Colborne Street E Brantford, ON N3T 5M1 Canada",N3T5M1,+1 519-751-1555
Dairy Queen,"108 Colborne St. W Unit C Unit C Brantford, ON N3T 1K7",N3T1K7,+1 519-304-8660
Oriental,"162 Market Street Brantford, ON N3T 3A5 Canada",N3T3A5,+1 519-756-6061
Indian Food Hut,"266 Colborne Street E Brantford, ON N3T 2H5 Canada",N3T2H5,+1 226-401-4375
Wendy's,"620 West Street Brantford, ON N3R 6M7 Canada",N3R6M7,+1 519-756-2414
Taco Bell,"87 Lynden Rd Lynden Pk Mall Brantford, ON N3R 6B8",N3R6B8,+1 780-988-8000
Quesada Burritos & Tacos,"175 Lynden Road Brantford, ON N3P 1N6 Canada",N3P1N6,+1 519-304-9111
Beijing Chinese Restaurant,"435 Street Paul Avenue Brantford, ON N3R 4N8 Canada",N3R4N8,+1 519-757-1690
Luciani's Pizza,"241 Dunsdon Street Brantford, ON N3R 7C3 Canada",N3R7C3,+1 519-759-0060
McDonald's,"27 Stanley Street Brantford, ON N3S 6M1 Canada",N3S6M1,+1 519-756-4011
Sunset Grill,"218 Henry Street Unit 2E Brantford, ON N3S 7R4",N3S7R4,+1 519-752-5887
Little Caesars Pizza,"50 Market Street Brantford, ON N3T 2Z5 Canada",N3T2Z5,+1 519-770-4334
Harvey's,"57 King George Rd Brantford, ON N3R 5K2 Canada",N3R5K2,+1 519-304-0461
Shanghai Restaurant,"907 Colborne Street East Brantford, ON N3S 3T3 Canada",N3S3T3,+1 519-753-1767
Fast Eddie's,"9 Stanley Street Brantford, ON N3S 6L7 Canada",N3S6L7,+1 519-756-3278
A&W,"72 King George Road Brantford, ON N3R 5K4 Canada",N3R5K4,+1 519-756-1666
Papa John's Pizza,"185 King George Road Brantford, ON N3R 7R9 Canada",N3R7R9,+1 519-750-9999
Tito's Pizza,"177 Paris Road Brantford, ON N3R 1J2 Canada",N3R1J2,+1 519-751-2020
Taco Bell,"68 King George Road Brantford, ON N3R 5K4 Canada",N3R5K4,+1 519-753-1696
Domino's Pizza,"168 Charing Cross Street Brantford, ON N3R 2J4 Canada",N3R2J4,+1 519-759-1130
Buck's Tavern,"541 Colborne Street Brantford, ON N3S 3P4 Canada",N3S3P4,+1 519-304-9444
Meatsauce Pizza,"431 Street Paul Avenue Brantford, ON N3R 4N8 Canada",N3R4N8,+1 519-752-8000
BarBurrito - Brantford,"50 Market St S Brantford, ON N3S 2E3 Canada",N3S2E3,+1 519-754-4985
McDonald's,"73 King George Rd. Brantford, ON N3R 5K2 Canada",N3R5K2,+1 519-756-7350
Palace Submarine,"308 Colborne Street Brantford, ON N3S 3M9 Canada",N3S3M9,+1 519-759-0761
Pizza Roma,"84 Charing Cross Street Brantford, ON N3R 2H6 Canada",N3R2H6,+1 519-752-9900
Mr Chips Fish Diner,"129 Colborne Street W Brantford, ON N3T 1K9 Canada",N3T1K9,+1 519-751-1141
Kel's Family Restaurant,"241 Dunsdon Street Unit 115 Brantford, ON N3R 7C3",N3R7C3,+1 519-720-9411
Coffee Culture,"75 Dalhousie Street Brantford, ON N3T 2J1 Canada",N3T2J1,+1 519-304-5772
KFC,"27 Dalhousie Street Brantford, ON N3T 2H6 Canada",N3T2H6,+1 519-753-4623
Carmen's Homestyle Pizza,"170 Brantwood Park Road Brantford, ON N3P Canada",N3P,+1 519-750-0090
McDonald's,"440 Colborne Street West Unit 1 Brantford, ON N3T 0J2",N3T0J2,+1 519-759-2552
Dairy Queen,"115 King George Rd Brantford, ON N3R 5K5 Canada",N3R5K5,+1 519-756-2062
Maria's Pizza West,"242 Colborne Street W Brantford, ON N3T 1L9 Canada",N3T1L9,+1 519-753-2500
Pizza Pizza,"225 Fairview Drive Brantford, ON N3R 7E3 Canada",N3R7E3,+1 519-759-1111
Marios 2 For 1 Pizza & Wings,"659 Colborne Street E Brantford, ON N3S 3M8 Canada",N3S3M8,+1 519-751-1010
A&W,"30 Lynden Road Brantford, ON N3R 8A4 Canada",N3R8A4,+1 519-751-7744
A&W,"84 Lynden Road Brantford, ON N3R 6B8 Canada",N3R6B8,+1 519-753-6361
Swiss Chalet Rotisserie & Grill,"84 Lynden Rd Brantford, ON N3R 6B4 Canada",N3R6B4,+1 519-759-6990
Swiss Chalet Rotisserie & Grill,"82 Dundas St East Paris, ON N3L 3H5 Canada",N3L3H5,+1 519-442-1005
Pizza Pizza,"603 Colborne Street E Unit 110 Brantford, ON N3S 7S8",N3S7S8,+1 519-759-1111
Arby's Restaurant,"129 King George Road Brantford, ON N3R 5K7 Canada",N3R5K7,+1 519-759-7445
McDonald's,"299 Wayne Gretzky Parkway Brantford, ON N3R 8A5 Canada",N3R8A5,+1 519-758-1010
Gino's Pizza,"63 Brant Avenue Brantford, ON N3T 3H2 Canada",N3T3H2,+1 519-759-0505
Harvey's,"74 Dundas Street E Paris, ON N3L 3H5 Canada",N3L3H5,+1 519-442-5758
Pizzaville,"300 King George Road Unit B103 Brantford, ON N3R 5L8",N3R5L8,+1 519-756-7575
Wendy's,"11 Sinclair Blvd. Brantford, ON N3S 7X6 Canada",N3S7X6,+1 519-753-5578
Tito's Pizza,"26 Brantwood Park Road Brantford, ON N3P 1G2 Canada",N3P1G2,+1 519-759-8989
Two Dishes Cookshop,"261 Charlotte Street Peterborough, ON K9J 2V3 Canada",K9J2V3,+1 705-775-2650
One Fine Food,"800 Erskine Avenue Peterborough, ON K9J 5T9 Canada",K9J5T9,+1 705-742-6200
Ashburnham Ale House,"128 Hunter Street E Peterborough, ON K9H 1G6 Canada",K9H1G6,+1 705-874-0333
Copper Spoons,"540 Romaine Street Peterborough, ON K9J 2E2 Canada",K9J2E2,+1 705-876-7048
Island Cream Caribbean Cuisine,"227 Hunter Street W Peterborough, ON K9H 2L1 Canada",K9H2L1,+1 705-743-8398
Dolce Vita,"413 George Street North Peterborough, ON K9H 3R4 Canada",K9H3R4,
Publican House Restaurant and Taphouse,"300 Charlotte Street Peterborough, ON K9J 2V5 Canada",K9J2V5,+1 705-874-2619
St Veronus Cafe & Tap Bar,"129 Hunter Street W Peterborough, ON K9H 2K7 Canada",K9H2K7,+1 705-743-5714
Hanoi House,"213 Hunter St W Peterborough, ON K9H 2L1 Canada",K9H2L1,+1 705-775-5888
Saigon Boys,"1524 Lansdowne Street W Unit 3 Peterborough, ON K9J 2A2",K9J2A2,+1 705-743-4954
BrickHouse,"123 Simcoe Street Peterborough, ON K9H 2H3 Canada",K9H2H3,+1 705-874-7474
Caribbean Sizzle,"427 George Street N Peterborough, ON K9H 3R4 Canada",K9H3R4,+1 705-743-9320
Rare Grill House,"166 Brock St Peterborough, ON K9H 2P4 Canada",K9H2P4,+1 705-742-3737
Hot Belly Mama's,"380 George Street N Peterborough, ON K9H 3R3 Canada",K9H3R3,+1 705-745-3544
Gerti's,"225 Hunter Street W Peterborough, ON K9H 2L1 Canada",K9H2L1,+1 705-743-7212
Apollo Grill,"1840 Lansdowne Street W Mapleridge Plaza Peterborough, ON K9K 2M9",K9K2M9,+1 705-775-4745
Karma's Cafe,"217 Hunter Street W Peterborough, ON K9H 2L1 Canada",K9H2L1,+1 705-748-5451
The Food Forest,"135 Hunter Street W Peterborough, ON K9H 2K7 Canada",K9H2K7,+1 705-874-1888
Revelstoke Cafe,"641 George Street N Peterborough, ON K9H 3S7 Canada",K9H3S7,+1 705-808-2893
La Hacienda,"190 Hunter Street W Peterborough, ON K9H 2L2 Canada",K9H2L2,+1 705-742-1559
Tre Ristorante Italiano,"25 George Street N Peterborough, ON K9J 3E9 Canada",K9J3E9,+1 705-874-1467
Hobart's Steakhouse,"139 Hunter Street W Peterborough, ON K9H 3R2 Canada",K9H3R2,+1 705-775-4000
Kettle Drums Restaurant & Bar,"224 Hunter Street W Peterborough, ON K9H 2L1 Canada",K9H2L1,+1 705-874-1500
Dr J's Bbq & Brews,"282 Alymer Street N Peterborough, ON K9J 3K7 Canada",K9J3K7,+1 705-874-5717
Ariyana,"396 George Street N Peterborough, ON K9H 3R2 Canada",K9H3R2,+1 705-874-1884
La Mesita Restaurante,"229 Hunter Street W Peterborough, ON K9H 2L1 Canada",K9H2L1,+1 705-304-2415
Whistle Stop Cafe,"141 Charlotte Street Peterborough, ON K9J 2T6 Canada",K9J2T6,+1 705-740-2036
Nateures Plate - Eatery & Bar,"182 Charlotte Street Peterborough, ON K9J 2T8 Canada",K9J2T8,+1 705-874-1215
Jasmine Thai Cuisine,"195 Simcoe Street Peterborough, ON K9H 2H6 Canada",K9H2H6,+1 705-743-9799
Tora Bistro,"172 Charlotte Street Peterborough, ON K9J 2T8 Canada",K9J2T8,+1 705-876-7559
Aji Sai Japanese Restaurant LLBO,"667 Reid Street Peterborough, ON K9H Canada",K9H,+1 705-748-6666
Cosmic Charlie's Cafe,"170 Charlotte Street Peterborough, ON K9J 2T8 Canada",K9J2T8,+1 705-741-6491
Wee Wok Express,"337 George Street S Peterborough, ON K9J 3C8 Canada",K9J3C8,+1 705-748-3388
El Camino's,"365 George Street N Suite 56 Peterborough, ON K9H 7E7",K9H7E7,+1 705-743-9999
Soupcon,"187 Charlotte Street Peterborough, ON K9J Canada",K9J,+1 705-749-5747
The Night Kitchen,"168 Hunter Street W Peterborough, ON K9H 2L2 Canada",K9H2L2,+1 705-741-0300
Shafiq's Taste of India,"301 George Street S Peterborough, ON K9J 3C8 Canada",K9J3C8,+1 705-741-0009
Matsu Sushi,"107 Hunter St E Peterborough, ON K9H 1G7 Canada",K9H1G7,+1 705-760-9484
Hendows Fine Food,"309 Townsend Street Peterborough, ON K9J 2K6 Canada",K9J2K6,+1 249-357-7171
Riley's Pub,"251 George Street N Peterborough, ON K9J 3G9 Canada",K9J3G9,+1 705-750-0375
Reggie's HotGrill,"89 Hunter Street E Peterborough, ON K9H 1G4 Canada",K9H1G4,+1 705-874-1471
Le Petit Bar,"399 Water Street Peterborough, ON K9H 7G5 Canada",K9H7G5,+1 705-775-7384
The Imperial Tandoor,"554 Lansdowne Street W Peterborough, ON K9J 8J7 Canada",K9J8J7,+1 705-874-5111
Lock Street Diner,"769 Lock Street Peterborough, ON K9J 2Z5 Canada",K9J2Z5,+1 705-743-0947
Jack's Restaurant,"91 George Street N Peterborough, ON K9J 3G3 Canada",K9J3G3,+1 705-740-9776
Berc's Steak House,"186 Lansdowne St E Peterborough, ON K9J 7N9 Canada",K9J7N9,+1 705-745-3434
Riverside Grill & Gazebo,"150 George St N Peterborough, ON K9J 3G5 Canada",K9J3G5,+1 705-740-6564
Silk Roots Fusion Cuisine,"304 George Street Unit 4 Peterborough, ON K9J 3H2",K9J3H2,+1 705-745-5574
Sam's Place Deli,"188 Hunter Street W Peterborough, ON K9H 2L2 Canada",K9H2L2,+1 705-876-1900
Peterburgers,"25 George Street N Peterborough, ON K9J 8K8 Canada",K9J8K8,+1 705-743-2022
The Keg Steakhouse And Bar,"820 High Street Peterborough, ON K9J 1Z3 Canada",K9J1Z3,+1 705-874-8200
Charlotte Anne's Restaurant,"390 Queen Street Peterborough, ON K9H 3J6 Canada",K9H3J6,+1 705-742-2944
Silver Bean Cafe,"Millennium Park 130 King Street Peterborough, ON K9J 3C6",K9J3C6,+1 705-749-0535
Spaghetti House Pizzeria,"1090 Clonsilla Avenue Peterborough, ON K9J 5Y5 Canada",K9J5Y5,+1 705-741-3334
The Speak Easy Cafe,"362 George Street N Peterborough, ON K9H 3R3 Canada",K9H3R3,+1 705-749-9589
The Pasta Shop,"165 Sherbrooke Street Peterborough, ON K9J 2N2 Canada",K9J2N2,+1 705-745-6080
Curry Village,"306 George Street N Peterborough, ON K9J 3H2 Canada",K9J3H2,+1 705-742-1432
Big Bens Fish and Chips,"947 Landsdowne Street W Peterborough, ON K9J 1Z5 Canada",K9J1Z5,+1 705-742-2367
Capra Toro,"139 Hunter Street W Peterborough, ON K9H 2K7 Canada",K9H2K7,+1 705-775-4000
Fresh Dreams,"373 Queen Street Peterborough, ON K9H 3J7 Canada",K9H3J7,+1 705-559-7731
The Pizza Factory,"1000 Lansdowne Street W Peterborough, ON K9J 1Z9 Canada",K9J1Z9,+1 705-745-5500
Kelseys Original Roadhouse,"1209 Lansdowne St W Peterborough, ON K9J 7M2 Canada",K9J7M2,+1 705-749-1367
Brio Gusto,"182 Charlotte Street Peterborough, ON K9J Canada",K9J,+1 705-745-6100
Loon Ho Restaurant,"3-871 Chemong Rd Peterborough, ON K9H 5Z5 Canada",K9H5Z5,+1 705-745-9901
Shrubby's,"1274 Highway 7 E Peterborough, ON K9J 6X8 Canada",K9J6X8,+1 705-295-7223
One Eyed Jacks Pub & Grill,"116  Lansdowne Street E Peterborough, ON K9J 7P7 Canada",K9J7P7,+1 705-745-0060
St Louis Bar and Grill,"1911 Lansdowne Street W Peterborough, ON K9K 0C9 Canada",K9K0C9,+1 705-740-1135
Simply Thai,"The Peterborough Square Plaza 360 George Street N Peterborough, ON K9H 7E7",K9H7E7,+1 705-536-3288
Amandala's,"375 Water Street Peterborough, ON K9H 3L7 Canada",K9H3L7,+1 705-749-9090
Sunset Grill,"1005 Lansdowne Street W Unit 2 Peterborough, ON K9K 8N2",K9K8N2,+1 705-749-0222
Jim's Pizza & Pasta,"395 Aylmer St N Peterborough, ON K9H 3V9 Canada",K9H3V9,+1 705-743-7021
Marty Moo's,"2205 Keene Road Peterborough, ON K9J 6X9 Canada",K9J6X9,+1 705-740-0558
Oasis Mediterranean Grill,"460 George St N Peterborough, ON K9H 3R7 Canada",K9H3R7,+1 705-874-3449
Chemong Lodge,"764 Hunter St Bridgenorth, ON K0L 1H0 Canada",K0L1H0,+1 800-450-7965
Primal Cuts,"550 Lansdowne Street West Peterborough, ON K9J 3R8 Canada",K9J3R8,+1 705-775-6328
Planet Bakery,"374 Water St Peterborough, ON K9H 3L6 Canada",K9H3L6,+1 705-741-5243
Souvlaki Pit aka Ace Submarine,"75 George St N Peterborough, ON K9J 3G2 Canada",K9J3G2,+1 705-745-4760
Rallis Burger Family Restaurant,"888 Ward Street Bridgenorth, ON K0L 1H0 Canada",K0L1H0,+1 705-292-7222
Shoeless Joe's Sports Grill,"1135 Lansdowne St. West Peterborough, ON K9J 7M2 Canada",K9J7M2,+1 705-874-5022
Country Garden Chinese Restaurant,"400 Lansdowne Street E Unit 14 Peterborough, ON K9J 6X9",K9J6X9,+1 705-745-1818
Hockey Sushi,"1840 Lansdowne Street W Peterborough, ON K9K 2M9 Canada",K9K2M9,+1 705-876-8885
Wing House,"320 Water Street Peterborough, ON K9J 3C7 Canada",K9J3C7,+1 705-874-7555
Golden Wheel Restaurant,"6725 Highway 7 Peterborough, ON K9J 6Z9 Canada",K9J6Z9,+1 705-749-6838
The Only Cafe,"216 Hunter Street W Peterborough, ON K9H 2L2 Canada",K9H2L2,+1 705-743-7591
Jesse's Tap And Grill,"583 Robinson Road Ennismore, ON K0L 1T0 Canada",K0L1T0,+1 705-292-9175
Village of Thai,"241 George St N Peterborough, ON K9J 3G9 Canada",K9J3G9,+1 705-536-0095
The Boardwalk Lounge,"261 George Street N Peterborough, ON K9J 3G9 Canada",K9J3G9,+1 705-312-7529
Dante's Gourmet Burrito,"195 Simcoe Street Peterborough, ON K9H 3V7 Canada",K9H3V7,+1 705-775-4444
Smitty's Family Restaurant,"139 George Street N Peterborough, ON K9J 3G6 Canada",K9J3G6,+1 705-741-3604
Matsu Sushi,"733 Park Street S Peterborough, ON K9J 3T3 Canada",K9J3T3,
Jimmy Guaco's,"343 George Street N Peterborough, ON K9H 2H6 Canada",K9H2H6,+1 705-743-4777
Jeff Purvey's Fish & Chips,"124 Rubidge St Peterborough, ON K9J 3N4 Canada",K9J3N4,+1 705-742-8301
Cora,"815 High Street Suite 4 & 5 Peterborough, ON K9J 8J9",K9J8J9,+1 705-741-4500
East City Coffee Shop,"55 Hunter Street E Peterborough, ON K9H 1G4 Canada",K9H1G4,+1 705-743-4518
China Chef,"Mac's Plaza 1079 Clonsilla Avenue, Unit 2 Peterborough, ON K9J 5Y6",K9J5Y6,+1 705-876-8000
Madoi Sushi Restaurant,"437 George Street Peterborough, ON K9H 3R4 Canada",K9H3R4,+1 705-874-8882
Dragon Yan,"422 Braidwood Avenue Peterborough, ON K9J 1V8 Canada",K9J1V8,+1 705-750-1888
By the Bridge,"382 Water Street N Peterborough, ON K9H 3L6 Canada",K9H3L6,+1 705-775-5050
Wild Wing,"171 Charlotte St Peterborough, ON K9J 2T7 Canada",K9J2T7,+1 705-741-4383
Southside Pizzeria,"25 Lansdowne Street W Peterborough, ON K9J 1X8 Canada",K9J1X8,+1 705-748-6120
Firehouse Subs,"999 Lansdowne St. Peterborough, ON K9J 1Z9 Canada",K9J1Z9,+1 705-748-3473
Square Plates Family Restaurant,"836 Armour Road Peterborough, ON K9H 2A2 Canada",K9H2A2,+1 705-876-8585
East Side Mario's - Peterborough,"933 Lansdowne Street W Peterborough, ON K9J 1Z5 Canada",K9J1Z5,+1 705-740-2114
johnny vinos,"413 George Street N Peterborough, ON K9H 3R4 Canada",K9H3R4,+1 705-743-3339
Miguel's Mexican Restaurant,"25 Lansdowne St W Peterborough, ON K9J 1X9 Canada",K9J1X9,+1 705-748-2600
Docker's Fish & Chips,"3 Lansdowne Street W Peterborough, ON K9J 1X8 Canada",K9J1X8,+1 705-743-7771
Maggie's Garden,"135 Hunter Street W Peterborough, ON K9H 2K7 Canada",K9H2K7,+1 705-760-9719
Papa's Pizza Land,"2695 Marsdale Drive Peterborough, ON K9L Canada",K9L,+1 705-874-9898
Hong Kong King Buffet,"724 Lansdowe Street W Peterborough, ON K9J 1Z2 Canada",K9J1Z2,+1 705-755-0999
Pita Pit,"347 George Street N Peterborough, ON K9H 3P9 Canada",K9H3P9,+1 705-745-9119
Montana's BBQ & Bar,"870 The Parkway Peterborough, ON K9J 8S5 Canada",K9J8S5,+1 705-743-9385
Mr Sub,"351 George Street N Peterborough, ON K9H 3P9 Canada",K9H3P9,+1 705-755-0498
The Cabin,"1351 Armour Road Peterborough, ON K9H 0E2 Canada",K9H0E2,+1 705-243-9105
Gardens & Fields Restaurant,"925 Airport Road Peterborough, ON K0L 1V0 Canada",K0L1V0,+1 705-775-6456
The Monaghan Café,"1017 Monaghan Road Peterborough, ON K9J 5K9 Canada",K9J5K9,+1 705-743-4800
Mary Brown's Fried Chicken and Taters,"1550 Lansdowne Street Peterborough, ON K9J Canada",K9J,+1 705-874-0384
Harvey's,"250 Water St Peterborough, ON K9J 3C6 Canada",K9J3C6,+1 705-743-6986
Long Island Fish & Chips,"1789 Stenson Boulevard Peterborough, ON K9K 2H4 Canada",K9K2H4,+1 705-876-6767
Free Topping Pizza,"189 Simcoe Street Peterborough, ON K9H 2H6 Canada",K9H2H6,+1 705-743-2225
Little Caesars,"816 Chemong Rd Peterborough, ON K9H 5Z6 Canada",K9H5Z6,+1 705-749-9989
Domino's Pizza,"116 Parkhill Road E Peterborough, ON K9H 1R1 Canada",K9H1R1,+1 705-745-5730
Wimpy's Diner,"1080 Lansdowne St. West Peterborough, ON K9J 1Z9 Canada",K9J1Z9,+1 705-748-3222
Sippin Dip Restaurant & Bakery,"1500 Yankee Line Bridgenorth, ON K0L 1T0 Canada",K0L1T0,+1 705-292-0292
On The Rocks Bar & Grill,"447 Tara Road Ennismore, ON K0L 1T0 Canada",K0L1T0,+1 705-292-0019
Brick House Craft Burger,"123 Simcoe Street Peterborough, ON K9H 2H3 Canada",K9H2H3,+1 705-874-7474
Mucho Burrito Peterborough,"867 Lansdowne Street W Peterborough, ON K9J 1Z8 Canada",K9J1Z8,+1 705-745-5959
Ricky's All Day Grill Peterborough,"898 Monaghan Road Unit 4b Peterborough, ON K9J 5K4",K9J5K4,+1 705-749-1100
Arby's Roast Beef Restaurant,"1165 Lansdowne Street W Peterborough, ON K9J 7M2 Canada",K9J7M2,+1 705-748-0250
Dairy Queen Grill & Chill,"717 Lansdowne St W Peterborough, ON K9J 1Z2 Canada",K9J1Z2,+1 705-749-0617
Red Lobster,"870 Lansdowne Street W. Peterborough, ON K9J 1Z7 Canada",K9J1Z7,+1 705-876-1840
YoYo's Yogurt Cafe,"188 Hunter Street W Unit 8 Peterborough, ON K9H 2L2",K9H2L2,+1 705-742-0707
Little Caesars,"1079 Clonsilla Avenue Peterborough, ON K9J 5Y6 Canada",K9J5Y6,+1 705-741-4774
Sophia's,"724 Water Street Peterborough, ON K9H 3N3 Canada",K9H3N3,+1 705-741-1911
Bualai Taste Of Thai,"195 Simcoe Street Peterborough, ON K9H 2H6 Canada",K9H2H6,+1 705-743-9799
Wild Wing,"501 Towerhill Road Peterborough, ON K9H 7S3 Canada",K9H7S3,+1 705-745-9464
Wendy's,"1124 Chemong Road Rr #1 Peterborough, ON K9J 6X2",K9J6X2,+1 705-745-7629
A&W,"1063 Chemong Road Peterborough, ON K9H 7R8 Canada",K9H7R8,+1 705-874-0422
Pete's Subs & Burgers,"441 George Street N Peterborough, ON K9H 3R6 Canada",K9H3R6,+1 705-742-1588
Pizza Pizza,"91 George Street N Unit 8 Peterborough, ON K9J 3G3",K9J3G3,+1 705-749-1111
Boston Pizza,"1164 Chemong Road Peterborough, ON K9J 6X2 Canada",K9J6X2,+1 705-742-6464
Daisy Restaurant,"1200 Lansdowne Street W Peterborough, ON K9J 2A1 Canada",K9J2A1,+1 705-876-8678
PJ's Diner,"809D Chemong Road Peterborough, ON K9H 5Z5 Canada",K9H5Z5,+1 705-874-3463
McDonald's,"1002 Chemong Road Peterborough, ON K9H 7E3 Canada",K9H7E3,+1 705-876-8194
Swiss Chalet Rotisserie & Grill,"933 Lansdowne Ave W Peterborough, ON K9J 1Z5 Canada",K9J1Z5,+1 705-745-5577
Boston Pizza,"821 Rye St Peterborough, ON K9J 6X1 Canada",K9J6X1,+1 705-740-2775
Pizza Hut,"705 George Street N Peterborough, ON K9H 3T1 Canada",K9H3T1,+1 705-741-4141
South china buffet,"901 Lansdowne Street Peterborough, ON K9J 1Z5 Canada",K9J1Z5,+1 705-741-3338
McDonald's,"400 Lansdowne Street East Peterborough, ON K9J 6X9 Canada",K9J6X9,+1 705-741-2887
McDonald's,"978 Lansdowne St. Peterborough, ON K9J 1Z5 Canada",K9J1Z5,+1 705-743-6731
Nicholl's Oval Restaurant,"116 Parkhill Road E Peterborough, ON K9H 1R1 Canada",K9H1R1,+1 705-749-0001
Papa John's Pizza,"947 Lansdowne Street West Peterborough, ON K9J 8N2 Canada",K9J8N2,+1 705-876-7272
Popeyes Louisiana Kitchen,"861 Lansdowne Street W Peterborough, ON K9J 1Z7 Canada",K9J1Z7,+1 705-749-0055
McDonald's,"1043 Chemong Rd. N. Peterborough, ON K9H 7E6 Canada",K9H7E6,+1 705-748-3721
KFC,"786 Chemong Road Peterborough, ON K9H 5Z3 Canada",K9H5Z3,+1 705-742-2519
Pizza Pizza,"871 Chemong Road Peterborough, ON K9H 5Z5 Canada",K9H5Z5,+1 705-749-1111
Burger King,"750 Lansdowne Street W Peterborough, ON K9J 1Z3 Canada",K9J1Z3,+1 705-748-2020
Dairy Queen,"154 Lansdowne St E Peterborough, ON K9J 7N9 Canada",K9J7N9,+1 705-742-8541
Bo Pizza,"2695 Marsdale Rd Peterborough, ON K9L 1Y4 Canada",K9L1Y4,+1 705-749-3600
Swiss Chalet Rotisserie & Grill,"501 Towerhill Rd Peterborough, ON K9H 7S3 Canada",K9H7S3,+1 705-745-7997
Pizza Hut,"901 Lansdowne St W Peterborough, ON K9J 1Z5 Canada",K9J1Z5,+1 705-741-4141
Country Style Donuts,"2205 Keene Road Peterborough, ON K9J 6X7 Canada",K9J6X7,+1 705-741-2222
Taco Bell,"645 Lansdowne Street W Peterborough, ON K9J 7C5 Canada",K9J7C5,+1 705-740-2700
Mr Sub,"836 Lansdowne Street W Peterborough, ON K9J 1Z6 Canada",K9J1Z6,+1 705-745-7391
Pizza Nova,"908 Lansdowne Street West Peterborough, ON K9J 1Z5 Canada",K9J1Z5,+1 416-439-0000
A&W,"947 Lansdowne Street W Peterborough, ON K9J 1Z5 Canada",K9J1Z5,+1 705-876-8443
Harvey's,"1040 Lansdowne St W Peterborough, ON K9J 1Z9 Canada",K9J1Z9,+1 705-741-3250
Corner Cafe Makin Bacon All Day,"833 Chemong Road Peterborough, ON K9H 5Z5 Canada",K9H5Z5,+1 705-775-7005
Domino's Pizza,"550 Lansdowne Street W Peterborough, ON K9J 8J8 Canada",K9J8J8,+1 705-741-1122
Subway,"400 Lansdowne Street E Peterborough, ON K9L 0B2 Canada",K9L0B2,+1 705-748-3111
Lori's,"597 Monaghan Rd Peterborough, ON K9J 5J1 Canada",K9J5J1,+1 705-775-0595
Pita Pit,"7 - 999 Lansdowne Street Peterborough, ON K9J 1Z9 Canada",K9J1Z9,+1 705-743-7482
Tim Hortons,"1781 Lansdowne Street W Peterborough, ON K9K 2T4 Canada",K9K2T4,+1 705-748-6777
Pizza Pizza,"866 Ward Street Bridgenorth, ON K0L 1H0 Canada",K0L1H0,+1 705-292-1222
